{
  "project_info": {
    "project_number": "1052950754345",
    "project_id": "nutrisnap-861b0",
    "storage_bucket": "nutrisnap-861b0.firebasestorage.app"
  },
  "client": [
    {
      "client_info": {
        "mobilesdk_app_id": "1:1052950754345:android:a143a9e28e415b3b0d5838",
        "android_client_info": {
          "package_name": "com.example.nutrisnap"
        }
      },
      "oauth_client": [],
      "api_key": [
        {
          "current_key": "AIzaSyCJEe_f4n-lwqyTWj9ubQFyaFaYcEhmLa0"
        }
      ],
      "services": {
        "appinvite_service": {
          "other_platform_oauth_client": []
        }
      }
    }
  ],
  "configuration_version": "1"
}